"Original HelpX Location","UUID","Transformed Markdown File"
"/content/help/en/campaign/standard/sending/using/confirming-the-send","1eaecb32-ffd2-45d0-a8b4-f97bee59a1bd","campaign/standard/sending/using/confirming-the-send.md"
"/content/help/en/campaign/standard/sending/using/understanding-delivery-failures","2735aa05-7b6f-47c9-98c4-a15cc33be39d","campaign/standard/sending/using/understanding-delivery-failures.md"
"/content/help/en/campaign/standard/sending/using/previewing-messages","8dffca95-59fe-4e9b-93cb-73b33ffde020","campaign/standard/sending/using/previewing-messages.md"
"/content/help/en/campaign/standard/sending/using/receiving-alerts-when-failures-happen","a3ab733a-e3db-4adc-b930-cd4064b6dc1c","campaign/standard/sending/using/receiving-alerts-when-failures-happen.md"
"/content/help/en/campaign/standard/sending/using/email-rendering","c423e237-ad39-4797-ac3a-4320894a8f99","campaign/standard/sending/using/email-rendering.md"
"/content/help/en/campaign/standard/sending/using/understanding-quarantine-management","3c287865-1ada-4351-b205-51807ff9f7ed","campaign/standard/sending/using/understanding-quarantine-management.md"
"/content/help/en/campaign/standard/sending/using/preparing-the-send","1038dae2-164c-4579-9294-bdf2a4eb12d6","campaign/standard/sending/using/preparing-the-send.md"
"/content/help/en/campaign/standard/sending/using/about-scheduling-messages","286fceee-65a9-4cb9-b205-9ce5d024675c","campaign/standard/sending/using/about-scheduling-messages.md"
"/content/help/en/campaign/standard/sending/using/about-sending-messages-with-campaign","58666444-6e7c-4049-b2d2-8b26eabf5a82","campaign/standard/sending/using/about-sending-messages-with-campaign.md"
"/content/help/en/campaign/standard/sending/using/monitoring-a-delivery","7772c607-debd-40fd-8322-4d49119979b4","campaign/standard/sending/using/monitoring-a-delivery.md"
"/content/help/en/campaign/standard/sending/using/optimizing-the-sending-time","c2c13934-9819-4e18-b5c7-60915c907f37","campaign/standard/sending/using/optimizing-the-sending-time.md"
"/content/help/en/campaign/standard/sending/using/computing-the-sending-date","fbbb37a0-7257-4407-a4c9-f76bf04460d4","campaign/standard/sending/using/computing-the-sending-date.md"
"/content/help/en/campaign/standard/sending/using/sending-messages-at-the-recipient-s-time-zone","70228c07-451f-4ddb-8d26-92a5a4814e3a","campaign/standard/sending/using/sending-messages-at-the-recipient-s-time-zone.md"
"/content/help/en/campaign/standard/sending/using/managing-test-profiles-and-sending-proofs","eb4d893b-3724-4b15-9312-1ec74784368d","campaign/standard/sending/using/managing-test-profiles-and-sending-proofs.md"
"/content/help/en/campaign/standard/sending/using/tracking-messages","c3721647-0663-4614-a9c9-3b3a40af328a","campaign/standard/sending/using/tracking-messages.md"
"/content/help/en/campaign/standard/rn/using/release-notes","1cf2e40c-beca-43db-8261-a1820ee86ad3","campaign/standard/rn/using/release-notes.md"
"/content/help/en/campaign/standard/rn/using/documentation-updates","3bdc7d11-8421-4110-a5ba-7b1376a03dda","campaign/standard/rn/using/documentation-updates.md"
"/content/help/en/campaign/standard/rn/using/release-notes-2015-2016","d5a0f6cc-0bed-46cf-8dff-1717fb624f8f","campaign/standard/rn/using/release-notes-2015-2016.md"
"/content/help/en/campaign/standard/rn/using/release-notes-2017","d73f8186-e309-441b-969d-71d0a1c33cf4","campaign/standard/rn/using/release-notes-2017.md"
"/content/help/en/campaign/standard/rn/using/release-notes-2018","99f92a54-4b3d-48b9-b08d-e98b24e75f62","campaign/standard/rn/using/release-notes-2018.md"
"/content/help/en/campaign/standard/reporting/using/defining-the-report-period","8dfd1ae6-a5a0-4900-bd6f-7815749d0b60","campaign/standard/reporting/using/defining-the-report-period.md"
"/content/help/en/campaign/standard/reporting/using/adding-components","a1aa880c-4ee8-4ffb-b3bf-45249e6d446f","campaign/standard/reporting/using/adding-components.md"
"/content/help/en/campaign/standard/reporting/using/adding-panels","8e76e837-5efc-4250-8192-dee1a0bd62fe","campaign/standard/reporting/using/adding-panels.md"
"/content/help/en/campaign/standard/reporting/using/list-of-components-","a2403806-8df4-4bb1-bac2-2689dc584ae0","campaign/standard/reporting/using/list-of-components-.md"
"/content/help/en/campaign/standard/reporting/using/about-dynamic-reports","a84a18bd-4e33-466e-a6ce-d7008fe12746","campaign/standard/reporting/using/about-dynamic-reports.md"
"/content/help/en/campaign/standard/reporting/using/complaints","9a973460-fda1-4eb0-9b6e-df421df8ca02","campaign/standard/reporting/using/complaints.md"
"/content/help/en/campaign/standard/reporting/using/adding-visualizations","f4d851c1-8ef8-4295-a7bc-eb9608fbc497","campaign/standard/reporting/using/adding-visualizations.md"
"/content/help/en/campaign/standard/reporting/using/sms-report","af672a56-f304-4ea9-99b1-e9886a6e1823","campaign/standard/reporting/using/sms-report.md"
"/content/help/en/campaign/standard/reporting/using/indicator-calculation","dfbc9d7e-62db-4e77-bb8e-0ac826ec7333","campaign/standard/reporting/using/indicator-calculation.md"
"/content/help/en/campaign/standard/reporting/using/delivery-throughput","51888b63-f507-43ea-8faf-5b3c00eb1800","campaign/standard/reporting/using/delivery-throughput.md"
"/content/help/en/campaign/standard/reporting/using/hot-clicks","7ed49dd3-d7ee-466a-9a7b-d2aa16961667","campaign/standard/reporting/using/hot-clicks.md"
"/content/help/en/campaign/standard/reporting/using/tracking-indicators","b2df8846-4caf-45e6-a8ff-ee37655383c2","campaign/standard/reporting/using/tracking-indicators.md"
"/content/help/en/campaign/standard/reporting/using/delivery-summary","9f64a430-8fee-4c4c-96e6-2913f4d6b831","campaign/standard/reporting/using/delivery-summary.md"
"/content/help/en/campaign/standard/reporting/using/urls-and-click-streams","712b26b2-3b4b-487c-8d47-e56dc34609a4","campaign/standard/reporting/using/urls-and-click-streams.md"
"/content/help/en/campaign/standard/reporting/using/in-app-report","802dc606-a314-46dd-b361-b746b0772303","campaign/standard/reporting/using/in-app-report.md"
"/content/help/en/campaign/standard/reporting/using/opens","fe5453b6-cac1-43be-860e-c65c8a5168d6","campaign/standard/reporting/using/opens.md"
"/content/help/en/campaign/standard/reporting/using/unsubscriptions","62e24335-dd63-4767-86e3-4084be04fc50","campaign/standard/reporting/using/unsubscriptions.md"
"/content/help/en/campaign/standard/reporting/using/creating-a-custom-profile-dimension","f75e005b-5328-4c98-9e78-51d54fd0e246","campaign/standard/reporting/using/creating-a-custom-profile-dimension.md"
"/content/help/en/campaign/standard/reporting/using/reporting-interface","da6bcf7a-1d57-4d00-a3ba-d84214592417","campaign/standard/reporting/using/reporting-interface.md"
"/content/help/en/campaign/standard/reporting/using/non-deliverables-and-bounces","b70ae9ec-b659-42bf-b663-73615307005b","campaign/standard/reporting/using/non-deliverables-and-bounces.md"
"/content/help/en/campaign/standard/reporting/using/breakdown-by-domains","75a64c81-325b-422f-b6ef-deb06eec7f7b","campaign/standard/reporting/using/breakdown-by-domains.md"
"/content/help/en/campaign/standard/reporting/using/bounce-summary","90087311-4236-4df9-ae7d-4a15c00c70ab","campaign/standard/reporting/using/bounce-summary.md"
"/content/help/en/campaign/standard/reporting/using/push-notification-report","5b121a37-1c09-4749-a409-6989978ddc4c","campaign/standard/reporting/using/push-notification-report.md"
"/content/help/en/campaign/standard/audiences/using/about-audiences","b3996642-96ec-489e-b146-c8c2cb52aa32","campaign/standard/audiences/using/about-audiences.md"
"/content/help/en/campaign/standard/audiences/using/editing-profiles","6fcdb719-6149-48fc-b400-64c24a51487f","campaign/standard/audiences/using/editing-profiles.md"
"/content/help/en/campaign/standard/audiences/using/creating-profiles","a5f5a58a-e798-400f-8648-05dc843d5557","campaign/standard/audiences/using/creating-profiles.md"
"/content/help/en/campaign/standard/audiences/using/creating-a-service","0d95d852-0f22-4b7b-b301-8fb4844c3ca2","campaign/standard/audiences/using/creating-a-service.md"
"/content/help/en/campaign/standard/audiences/using/managing-opt-in-and-opt-out-in-campaign","aa1801ec-562b-420e-8d79-c07d066b7b1a","campaign/standard/audiences/using/managing-opt-in-and-opt-out-in-campaign.md"
"/content/help/en/campaign/standard/audiences/using/active-profiles","ee8ac493-c297-49ca-aed4-3976d8a685a4","campaign/standard/audiences/using/active-profiles.md"
"/content/help/en/campaign/standard/audiences/using/about-profiles-and-audiences","f4cb6c38-c8d1-44ec-93f0-d0f5f30a3d9a","campaign/standard/audiences/using/about-profiles-and-audiences.md"
"/content/help/en/campaign/standard/audiences/using/monitoring-subscriptions","b0d8eb80-fa51-4518-a5e6-56de4046f6ff","campaign/standard/audiences/using/monitoring-subscriptions.md"
"/content/help/en/campaign/standard/audiences/using/about-profiles","087f91a4-6e69-488e-9aa0-424d23d396ed","campaign/standard/audiences/using/about-profiles.md"
"/content/help/en/campaign/standard/audiences/using/promoting-a-service","2b71d2a1-3e48-4a21-ab21-4a360abc1d36","campaign/standard/audiences/using/promoting-a-service.md"
"/content/help/en/campaign/standard/audiences/using/about-opt-in-and-opt-out-in-campaign","501d9485-976b-4de7-b242-6886f2814c6c","campaign/standard/audiences/using/about-opt-in-and-opt-out-in-campaign.md"
"/content/help/en/campaign/standard/audiences/using/about-subscriptions","b0263e40-f910-49f2-a138-0a1302aeeec6","campaign/standard/audiences/using/about-subscriptions.md"
"/content/help/en/campaign/standard/audiences/using/identifying-opt-out-profiles-for-a-delivery","ad09a4d3-7ad6-47b8-9c56-73bbaba6fa60","campaign/standard/audiences/using/identifying-opt-out-profiles-for-a-delivery.md"
"/content/help/en/campaign/standard/audiences/using/selecting-an-audience-in-a-message","7d8f8446-f2e0-49c1-83f6-9667b29bc228","campaign/standard/audiences/using/selecting-an-audience-in-a-message.md"
"/content/help/en/campaign/standard/audiences/using/creating-audiences","fe99b31b-a949-4832-b0e6-2b36d1c8be80","campaign/standard/audiences/using/creating-audiences.md"
"/content/help/en/campaign/standard/audiences/using/integrated-customer-profile","da2eb13a-2268-4a99-939c-c6388f5d34f3","campaign/standard/audiences/using/integrated-customer-profile.md"
"/content/help/en/campaign/standard/automating/using/deduplication","11a22a9c-3bfe-4953-8a52-2f4e93c128fb","campaign/standard/automating/using/deduplication.md"
"/content/help/en/campaign/standard/automating/using/list-of-functions","fd50fc99-1e7a-479b-beb7-1f246b419d46","campaign/standard/automating/using/list-of-functions.md"
"/content/help/en/campaign/standard/automating/using/about-targeting-activities","a6cbc431-1ae3-428e-b2c9-893454b32ae2","campaign/standard/automating/using/about-targeting-activities.md"
"/content/help/en/campaign/standard/automating/using/subscription-services","56637024-15ab-4145-9c48-3fbd27ab8af8","campaign/standard/automating/using/subscription-services.md"
"/content/help/en/campaign/standard/automating/using/scheduler","f5e50a11-8dc9-4d98-9531-024c0fb3f7da","campaign/standard/automating/using/scheduler.md"
"/content/help/en/campaign/standard/automating/using/exporting-logs","954e919c-0a33-47c3-9a3c-63c7a2a4edc4","campaign/standard/automating/using/exporting-logs.md"
"/content/help/en/campaign/standard/automating/using/workflow-data-and-processes","d10f2adf-1b0d-4fe6-98d2-c4d59159f048","campaign/standard/automating/using/workflow-data-and-processes.md"
"/content/help/en/campaign/standard/automating/using/workflow-operating-principles","85755e85-617b-4a9b-bb30-96ba8333f4f0","campaign/standard/automating/using/workflow-operating-principles.md"
"/content/help/en/campaign/standard/automating/using/incremental-query","73b42422-e815-43ef-84c0-97c4433ccc98","campaign/standard/automating/using/incremental-query.md"
"/content/help/en/campaign/standard/automating/using/using-workflow-data","3dd66aeb-3a26-4214-b6a0-242c2b7fbc49","campaign/standard/automating/using/using-workflow-data.md"
"/content/help/en/campaign/standard/automating/using/importing-data-with-import-templates","bfc03235-2032-448a-a9ed-21ff2a83fa09","campaign/standard/automating/using/importing-data-with-import-templates.md"
"/content/help/en/campaign/standard/automating/using/transfer-file","a2f18118-b681-4310-aee0-9e82179d2032","campaign/standard/automating/using/transfer-file.md"
"/content/help/en/campaign/standard/automating/using/importing-data","d909d26a-cf50-46af-ae09-f0fd7258ca27","campaign/standard/automating/using/importing-data.md"
"/content/help/en/campaign/standard/automating/using/direct-mail-delivery","bfa7b176-a17c-4079-a073-64b8ce4788ed","campaign/standard/automating/using/direct-mail-delivery.md"
"/content/help/en/campaign/standard/automating/using/discovering-workflows","7c1e8cea-90d0-491f-ab8f-6cd69f8a6c3b","campaign/standard/automating/using/discovering-workflows.md"
"/content/help/en/campaign/standard/automating/using/save-audience","8babb173-fa59-44a7-a2a5-49f45ba6bf99","campaign/standard/automating/using/save-audience.md"
"/content/help/en/campaign/standard/automating/using/start-and-end","146b6337-122c-453d-8ffd-5c157db29217","campaign/standard/automating/using/start-and-end.md"
"/content/help/en/campaign/standard/automating/using/executing-a-workflow","ff02b74e-53e8-49c6-bf8e-0c729eaa7d25","campaign/standard/automating/using/executing-a-workflow.md"
"/content/help/en/campaign/standard/automating/using/intersection","a60f9811-0158-44b3-952b-392685c006cc","campaign/standard/automating/using/intersection.md"
"/content/help/en/campaign/standard/automating/using/enrichment","8c1693ef-1312-422c-b05d-263553113f8f","campaign/standard/automating/using/enrichment.md"
"/content/help/en/campaign/standard/automating/using/segmentation","77796f18-cad5-4e7a-9d7b-4ed0dd8943bf","campaign/standard/automating/using/segmentation.md"
"/content/help/en/campaign/standard/automating/using/workflow-interface","aafe33ed-fa07-4dd9-825e-242099334f1a","campaign/standard/automating/using/workflow-interface.md"
"/content/help/en/campaign/standard/automating/using/fork","e4eaf69b-84ee-4f79-8b80-99284697cd2c","campaign/standard/automating/using/fork.md"
"/content/help/en/campaign/standard/automating/using/sms-delivery","736078c6-ac91-4440-825b-4a6ae31894ef","campaign/standard/automating/using/sms-delivery.md"
"/content/help/en/campaign/standard/automating/using/editing-queries","a49c7739-a96c-45cb-9ac5-1ce299161a97","campaign/standard/automating/using/editing-queries.md"
"/content/help/en/campaign/standard/automating/using/managing-packages","d041f549-bfc5-4e6b-87bf-a63c7c224bca","campaign/standard/automating/using/managing-packages.md"
"/content/help/en/campaign/standard/automating/using/about-execution-activities","af2d19d7-a819-4064-806f-46e946387799","campaign/standard/automating/using/about-execution-activities.md"
"/content/help/en/campaign/standard/automating/using/advanced-expression-editing","a635f999-27ce-41e0-a88c-8a3882e31efe","campaign/standard/automating/using/advanced-expression-editing.md"
"/content/help/en/campaign/standard/automating/using/query","b3c629fa-370e-481c-b347-fcf9f5a5e847","campaign/standard/automating/using/query.md"
"/content/help/en/campaign/standard/automating/using/push-notification-delivery","994d8fe3-29f0-4b5c-89ee-c6be7c60a31b","campaign/standard/automating/using/push-notification-delivery.md"
"/content/help/en/campaign/standard/automating/using/exclusion","b79e7f73-37a0-4ec3-ac5a-5449dc1b1f22","campaign/standard/automating/using/exclusion.md"
"/content/help/en/campaign/standard/automating/using/wait","396a3de1-6ffa-4385-ac9f-15fdeae5a366","campaign/standard/automating/using/wait.md"
"/content/help/en/campaign/standard/automating/using/targeting-data","0645d6e5-6a7e-4917-874a-7e7725f06abd","campaign/standard/automating/using/targeting-data.md"
"/content/help/en/campaign/standard/automating/using/union","fafc3ce9-2212-4403-8754-cfbb28ba6e26","campaign/standard/automating/using/union.md"
"/content/help/en/campaign/standard/automating/using/and-join","9b54fd4c-9915-400f-a494-74e52c329b8a","campaign/standard/automating/using/and-join.md"
"/content/help/en/campaign/standard/automating/using/defining-import-templates","651eb57c-adac-4e3e-b454-b39aea1f0484","campaign/standard/automating/using/defining-import-templates.md"
"/content/help/en/campaign/standard/automating/using/email-delivery","7de53431-84ae-4d21-8361-2775ad314ed2","campaign/standard/automating/using/email-delivery.md"
"/content/help/en/campaign/standard/automating/using/extract-file","631f0fbd-9e8d-4f77-a338-fcb7f4fc1774","campaign/standard/automating/using/extract-file.md"
"/content/help/en/campaign/standard/automating/using/calling-a-workflow-with-external-parameters","beccd1b6-8e6d-4504-9152-9ff537459c4a","campaign/standard/automating/using/calling-a-workflow-with-external-parameters.md"
"/content/help/en/campaign/standard/automating/using/about-channel-activities","900e0580-2e56-4aaf-b584-58d8e9a408cf","campaign/standard/automating/using/about-channel-activities.md"
"/content/help/en/campaign/standard/automating/using/load-file","69af12cc-6f82-4977-9f53-aa7bc26f5d7e","campaign/standard/automating/using/load-file.md"
"/content/help/en/campaign/standard/automating/using/in-app-delivery","528d9472-e447-47af-a6b2-3181aa5fb5ad","campaign/standard/automating/using/in-app-delivery.md"
"/content/help/en/campaign/standard/automating/using/external-signal","884b6daf-bfd9-440b-8336-004b80c76def","campaign/standard/automating/using/external-signal.md"
"/content/help/en/campaign/standard/automating/using/about-data-management-activities","c377bdb6-ae4e-4f23-acb7-ba6b0e095241","campaign/standard/automating/using/about-data-management-activities.md"
"/content/help/en/campaign/standard/automating/using/read-audience","58c54e71-f4a7-4ae9-80a3-33c379ab1db9","campaign/standard/automating/using/read-audience.md"
"/content/help/en/campaign/standard/automating/using/about-data-import-and-export","f6810364-555c-4b72-8a9c-4ae2fcb2ba63","campaign/standard/automating/using/about-data-import-and-export.md"
"/content/help/en/campaign/standard/automating/using/building-a-workflow","11374f64-8d34-40da-937b-09f419250f4c","campaign/standard/automating/using/building-a-workflow.md"
"/content/help/en/campaign/standard/automating/using/reconciliation","7884db8c-1717-4724-be15-3b0b32ccc071","campaign/standard/automating/using/reconciliation.md"
"/content/help/en/campaign/standard/automating/using/exporting-lists","c64fe706-bd6e-4746-958e-f94226f4e2cb","campaign/standard/automating/using/exporting-lists.md"
"/content/help/en/campaign/standard/automating/using/update-data","1dc55db5-affd-4688-b673-adfb8c1338b5","campaign/standard/automating/using/update-data.md"
"/content/help/en/campaign/standard/automating/using/test","1562ec7a-253a-4f4f-b66a-c2948b57775a","campaign/standard/automating/using/test.md"
"/content/help/en/campaign/standard/integrating/using/testing-your-triggers","b3a6667d-e843-4ad6-817e-d91542b5f2e2","campaign/standard/integrating/using/testing-your-triggers.md"
"/content/help/en/campaign/standard/integrating/using/about-adobe-experience-cloud-triggers","0aa4bd6e-1bb5-4d0b-913b-eca93f050acd","campaign/standard/integrating/using/about-adobe-experience-cloud-triggers.md"
"/content/help/en/campaign/standard/integrating/using/configure-campaign-analytics-integration","bdaa00b0-7445-469c-8268-9d06c53ce2b0","campaign/standard/integrating/using/configure-campaign-analytics-integration.md"
"/content/help/en/campaign/standard/integrating/using/configuring-the-campaign-target-integration","0df5701c-dc26-4c30-9af9-ebf92815d90c","campaign/standard/integrating/using/configuring-the-campaign-target-integration.md"
"/content/help/en/campaign/standard/integrating/using/creating-a-campaign-form-in-experience-manager-","43057f81-d47d-4b96-b150-217c289cd608","campaign/standard/integrating/using/creating-a-campaign-form-in-experience-manager-.md"
"/content/help/en/campaign/standard/integrating/using/abandonment-triggers-use-cases","9e236165-afd5-4155-9151-c1941dc0af99","campaign/standard/integrating/using/abandonment-triggers-use-cases.md"
"/content/help/en/campaign/standard/integrating/using/profile-data-ingestion-from-dynamics-to-campaign","20eab9cd-8fe6-4bcd-8365-3435cf001531","campaign/standard/integrating/using/profile-data-ingestion-from-dynamics-to-campaign.md"
"/content/help/en/campaign/standard/integrating/using/campaign-dimensions-and-metrics-in-analytics","effa1028-66b2-4bef-b5e4-7319dbb23d5d","campaign/standard/integrating/using/campaign-dimensions-and-metrics-in-analytics.md"
"/content/help/en/campaign/standard/integrating/using/configuring-triggers-in-experience-cloud","8fd7b804-9528-46a5-a060-bf16b8dc555d","campaign/standard/integrating/using/configuring-triggers-in-experience-cloud.md"
"/content/help/en/campaign/standard/integrating/using/about-campaign-audience-manager-or-people-core-service-integration","39e3c78e-cccd-4823-afe9-abc7f8aef034","campaign/standard/integrating/using/about-campaign-audience-manager-or-people-core-service-integration.md"
"/content/help/en/campaign/standard/integrating/using/about-campaign-integrations","59d7cd99-a6f7-47f1-9b5c-c50e27a2bef8","campaign/standard/integrating/using/about-campaign-integrations.md"
"/content/help/en/campaign/standard/integrating/using/send-experience-events-from-campaign-to-dynamics","c7a89ce0-c09b-4a69-921b-f024cebd8f00","campaign/standard/integrating/using/send-experience-events-from-campaign-to-dynamics.md"
"/content/help/en/campaign/standard/integrating/using/about-campaign-points-of-interest-data-integration","1e6840c8-0472-4da2-85ed-f9a65147555a","campaign/standard/integrating/using/about-campaign-points-of-interest-data-integration.md"
"/content/help/en/campaign/standard/integrating/using/working-with-campaign-and-assets-core-service","264a1260-33d6-412b-b2c8-0d57ca10d025","campaign/standard/integrating/using/working-with-campaign-and-assets-core-service.md"
"/content/help/en/campaign/standard/integrating/using/about-campaign-and-dynamics-integration","f9d336ca-b9b1-4d0a-adf9-cee294ba87a8","campaign/standard/integrating/using/about-campaign-and-dynamics-integration.md"
"/content/help/en/campaign/standard/integrating/using/configuring-campaign-points-of-interest-data-integration","0689a06c-cc1a-442f-95b8-a07fcec85d79","campaign/standard/integrating/using/configuring-campaign-points-of-interest-data-integration.md"
"/content/help/en/campaign/standard/integrating/using/sharing-audiences-with-audience-manager-or-people-core-service","a3701e72-5846-4241-afee-d713b499a27a","campaign/standard/integrating/using/sharing-audiences-with-audience-manager-or-people-core-service.md"
"/content/help/en/campaign/standard/integrating/using/using-triggers-in-campaign","d844d013-b38a-4e69-9df5-0edc01fa9c6e","campaign/standard/integrating/using/using-triggers-in-campaign.md"
"/content/help/en/campaign/standard/integrating/using/integrating-with-experience-manager","ed6c1b76-87f7-4d23-b5e2-0765297a905c","campaign/standard/integrating/using/integrating-with-experience-manager.md"
"/content/help/en/campaign/standard/integrating/using/personalizing-campaign-messages-with-point-of-interest-data","d74c3e55-f130-441b-bc2a-06ddcd5d9784","campaign/standard/integrating/using/personalizing-campaign-messages-with-point-of-interest-data.md"
"/content/help/en/campaign/standard/integrating/using/adding-target-dynamic-content","b3cc045f-7924-480e-8c61-8246510f3adb","campaign/standard/integrating/using/adding-target-dynamic-content.md"
"/content/help/en/campaign/standard/integrating/using/troubleshooting","1c764dd8-e09f-4e8e-9ccd-88ab3d714284","campaign/standard/integrating/using/troubleshooting.md"
"/content/help/en/campaign/standard/integrating/using/about-campaign-target-integration","eb43f054-9c00-4ca4-acdd-e2306937af3c","campaign/standard/integrating/using/about-campaign-target-integration.md"
"/content/help/en/campaign/standard/integrating/using/about-campaign-analytics-integration","7a351e1d-50cb-4ec5-8b66-318b797af77f","campaign/standard/integrating/using/about-campaign-analytics-integration.md"
"/content/help/en/campaign/standard/integrating/using/provisioning-and-configuring-integration-with-audience-manager-or-people-core-service","e7329644-0033-4729-b4a7-61bef137f4b5","campaign/standard/integrating/using/provisioning-and-configuring-integration-with-audience-manager-or-people-core-service.md"
"/content/help/en/campaign/standard/channels/using/about-in-app-messaging","6784cdfc-6db9-41dd-9fbb-2e756a5bcb5f","campaign/standard/channels/using/about-in-app-messaging.md"
"/content/help/en/campaign/standard/channels/using/creating-a-multilingual-email","e90f4ec8-14e3-4304-b5fc-bce0ba08a4ef","campaign/standard/channels/using/creating-a-multilingual-email.md"
"/content/help/en/campaign/standard/channels/using/accessing-messages","77e57ed3-bcd5-46b3-aee1-3d03f0df6c11","campaign/standard/channels/using/accessing-messages.md"
"/content/help/en/campaign/standard/channels/using/transactional-push-notifications","ef31c1b6-9ef8-42e3-b49d-72f9eac8ea32","campaign/standard/channels/using/transactional-push-notifications.md"
"/content/help/en/campaign/standard/channels/using/designing-an-a-b-test-email","104f6973-68a7-4692-a90a-a5570a980ec7","campaign/standard/channels/using/designing-an-a-b-test-email.md"
"/content/help/en/campaign/standard/channels/using/discovering-communication-channels","5d61d8df-8256-4f28-8dd3-e791891e312f","campaign/standard/channels/using/discovering-communication-channels.md"
"/content/help/en/campaign/standard/channels/using/setting-up-a-double-opt-in-process","23e6c4c2-e2c7-472f-b616-36a95225ac1d","campaign/standard/channels/using/setting-up-a-double-opt-in-process.md"
"/content/help/en/campaign/standard/channels/using/designing-a-landing-page","de6fe190-835c-40fd-8101-a809b430b423","campaign/standard/channels/using/designing-a-landing-page.md"
"/content/help/en/campaign/standard/channels/using/message-dashboard","9bb44ee8-2cf6-43ce-94a4-367f4e469713","campaign/standard/channels/using/message-dashboard.md"
"/content/help/en/campaign/standard/channels/using/personalizing-sms-messages","123fe70c-c279-40a3-88b6-6bfb2453ec83","campaign/standard/channels/using/personalizing-sms-messages.md"
"/content/help/en/campaign/standard/channels/using/customizing-an-in-app-message","1d9c08ed-4de5-440d-bf51-4a437eec67d5","campaign/standard/channels/using/customizing-an-in-app-message.md"
"/content/help/en/campaign/standard/channels/using/event-transactional-messages","d747feb5-58fb-4e12-a176-404f0eca5391","campaign/standard/channels/using/event-transactional-messages.md"
"/content/help/en/campaign/standard/channels/using/follow-up-messages","d2a17da2-e935-420a-8531-78ed6a1fe68b","campaign/standard/channels/using/follow-up-messages.md"
"/content/help/en/campaign/standard/channels/using/about-direct-mail","24add992-2efe-4b73-81c9-cda3e921ab16","campaign/standard/channels/using/about-direct-mail.md"
"/content/help/en/campaign/standard/channels/using/about-sms-messages","14dc7434-8171-4ad1-9540-52ca637659a9","campaign/standard/channels/using/about-sms-messages.md"
"/content/help/en/campaign/standard/channels/using/customizing-a-push-notification","8cf74cad-b1ba-4aad-83bd-7289cb22d5f4","campaign/standard/channels/using/customizing-a-push-notification.md"
"/content/help/en/campaign/standard/channels/using/profile-transactional-messages","a8efe979-74ae-46ff-a305-b86a90679581","campaign/standard/channels/using/profile-transactional-messages.md"
"/content/help/en/campaign/standard/channels/using/about-push-notifications","961aaeb5-6948-4fd2-b8d7-de4510c10566","campaign/standard/channels/using/about-push-notifications.md"
"/content/help/en/campaign/standard/channels/using/return-to-sender","11981c2f-0b7f-4166-9daa-ec6a6b4d5367","campaign/standard/channels/using/return-to-sender.md"
"/content/help/en/campaign/standard/channels/using/creating-an-sms-message","591ae97e-2d19-4f93-be4b-d8d20f1d2d12","campaign/standard/channels/using/creating-an-sms-message.md"
"/content/help/en/campaign/standard/channels/using/creating-a-multilingual-push-notification","d4aff741-e969-47c6-bae8-787c6c673191","campaign/standard/channels/using/creating-a-multilingual-push-notification.md"
"/content/help/en/campaign/standard/channels/using/creating-an-email","74c7ef35-82c0-4bc4-b1f6-8e74fdcaea3c","campaign/standard/channels/using/creating-an-email.md"
"/content/help/en/campaign/standard/channels/using/defining-the-direct-mail-content","c1234c06-4d22-46d7-ad1b-3c88660f9b06","campaign/standard/channels/using/defining-the-direct-mail-content.md"
"/content/help/en/campaign/standard/channels/using/about-transactional-messaging","8470e9e2-ee17-456f-9e4c-460e69c78a2c","campaign/standard/channels/using/about-transactional-messaging.md"
"/content/help/en/campaign/standard/channels/using/example-of-direct-mail-in-a-workflow","1db691b8-c072-4e99-b2fa-27844a179c55","campaign/standard/channels/using/example-of-direct-mail-in-a-workflow.md"
"/content/help/en/campaign/standard/channels/using/preparing-and-sending-a-push-notification","01997725-ca0a-420c-9e81-5ea801652f87","campaign/standard/channels/using/preparing-and-sending-a-push-notification.md"
"/content/help/en/campaign/standard/channels/using/data-storage-and-reconciliation","5b222ea2-6628-457f-a618-bfc0e5eb93dd","campaign/standard/channels/using/data-storage-and-reconciliation.md"
"/content/help/en/campaign/standard/channels/using/defining-the-direct-mail-audience","f843e368-5c07-4b53-8943-46f7bf45b62b","campaign/standard/channels/using/defining-the-direct-mail-audience.md"
"/content/help/en/campaign/standard/channels/using/about-landing-pages","b316bf47-7d98-46fa-ab4f-67ff50de8095","campaign/standard/channels/using/getting-started-with-landing-pages.md"
"/content/help/en/campaign/standard/channels/using/key-steps-to-send-a-message","d3fbb1e6-6444-4b56-b9d6-ae39bd8d4804","campaign/standard/channels/using/key-steps-to-send-a-message.md"
"/content/help/en/campaign/standard/channels/using/preparing-and-sending-an-in-app-message","a79b0466-8641-46cc-a70f-e4e839587bb2","campaign/standard/channels/using/preparing-and-sending-an-in-app-message.md"
"/content/help/en/campaign/standard/channels/using/managing-incoming-sms","f063052b-96ef-41b6-bf1b-4006de73f0b9","campaign/standard/channels/using/managing-incoming-sms.md"
"/content/help/en/campaign/standard/channels/using/sharing-a-landing-page","fb7b087a-3292-496c-bc41-2e3012bacf59","campaign/standard/channels/using/testing-publishing-landing-page.md"
"/content/help/en/campaign/standard/channels/using/about-emails","1650cad5-afc0-4215-9fb4-7f8ad5f504df","campaign/standard/channels/using/about-emails.md"
"/content/help/en/campaign/standard/channels/using/creating-the-direct-mail","3b1365c4-4ea1-4434-818b-05ff0c9b42c1","campaign/standard/channels/using/creating-the-direct-mail.md"
"/content/help/en/campaign/standard/administration/using/types-of-users","8c4cc74a-815f-4815-af66-a7c21bc754f1","campaign/standard/administration/using/types-of-users.md"
"/content/help/en/campaign/standard/administration/using/data-retention","d90852b4-e9f3-4187-bbea-e748d16d1590","campaign/standard/administration/using/data-retention.md"
"/content/help/en/campaign/standard/administration/using/about-access-management","4f538452-cc67-4e03-9e2f-2d9eecc081c7","campaign/standard/administration/using/about-access-management.md"
"/content/help/en/campaign/standard/administration/using/list-of-roles","128aaf9b-9b7d-49f3-9e1f-72e79a29baa0","campaign/standard/administration/using/list-of-roles.md"
"/content/help/en/campaign/standard/administration/using/control-rules","33a1c90c-534e-4fe1-982c-f4e1858d4d2d","campaign/standard/sending/using/control-rules.md"
"/content/help/en/campaign/standard/administration/using/auditing-export-logs","2a93485e-f6b9-4b01-b3a1-c91f2739d188","campaign/standard/administration/using/auditing-export-logs.md"
"/content/help/en/campaign/standard/administration/using/fatigue-rules","fa5e3ded-36c2-4f16-b97a-119b85adf679","campaign/standard/sending/using/fatigue-rules.md"
"/content/help/en/campaign/standard/administration/using/about-typology-rules","a98ebc36-172d-4f46-b6ee-b2636a1007c9","campaign/standard/sending/using/about-typology-rules.md"
"/content/help/en/campaign/standard/administration/using/licenses","fea2ea2b-e036-4fe4-9db2-7ba25ec8fb3b","campaign/standard/administration/using/licenses.md"
"/content/help/en/campaign/standard/administration/using/managing-groups-and-users","b3a3a2e3-9d69-4231-b724-8f37419f7a61","campaign/standard/administration/using/managing-groups-and-users.md"
"/content/help/en/campaign/standard/administration/using/configuring-sms-channel","5f13dbd5-9522-4199-8d9a-44c397cb2458","campaign/standard/administration/using/configuring-sms-channel.md"
"/content/help/en/campaign/standard/administration/using/configuring-email-channel","9fddb655-b445-41f3-9b02-5d356fc88aa1","campaign/standard/administration/using/configuring-email-channel.md"
"/content/help/en/campaign/standard/administration/using/sending-internal-notifications","f196f025-dbb9-4268-9d7d-ff626994b447","campaign/standard/administration/using/sending-internal-notifications.md"
"/content/help/en/campaign/standard/administration/using/updates-and-maintenance-operations","8111bac6-4c9d-4b04-810b-5a84131083ac","campaign/standard/administration/using/updates-and-maintenance-operations.md"
"/content/help/en/campaign/standard/administration/using/external-accounts","5d2e2e3d-5d1f-4466-97e5-842c50390146","campaign/standard/administration/using/external-accounts.md"
"/content/help/en/campaign/standard/administration/using/branding","d66ac5a2-2ae1-4870-b48e-7f276744ffdd","campaign/standard/administration/using/branding.md"
"/content/help/en/campaign/standard/administration/using/organizational-units","8c82ffea-cef4-4a89-b823-d8b7bae1db4f","campaign/standard/administration/using/organizational-units.md"
"/content/help/en/campaign/standard/administration/using/target-mappings-in-campaign","0c3841cb-56fb-4b4f-970d-947edd1c2112","campaign/standard/administration/using/target-mappings-in-campaign.md"
"/content/help/en/campaign/standard/administration/using/filtering-rules","ed3eea62-3a47-4318-ae22-d82aa857448f","campaign/standard/sending/using/filtering-rules.md"
"/content/help/en/campaign/standard/administration/using/about-administrating-adobe-campaign","64c34729-5c98-4db0-9131-af6dd0e78fb4","campaign/standard/administration/using/about-administrating-adobe-campaign.md"
"/content/help/en/campaign/standard/administration/using/configuring-a-mobile-application","63e1476a-7875-4f48-ba9e-97f1a0007e42","campaign/standard/administration/using/configuring-a-mobile-application.md"
"/content/help/en/campaign/standard/administration/using/about-channel-configuration","867b1c4b-4c79-4c52-9d0a-ef71993e50a2","campaign/standard/administration/using/about-channel-configuration.md"
"/content/help/en/campaign/standard/administration/using/technical-workflows","6e763dc1-e1d3-4d94-bc0b-ef5b1703d8e5","campaign/standard/administration/using/technical-workflows.md"
"/content/help/en/campaign/standard/administration/using/configuring-transactional-messaging","4caeadbe-f4a7-43ce-986d-e99fa9ca0d0d","campaign/standard/administration/using/configuring-transactional-messaging.md"
"/content/help/en/campaign/standard/designing/using/personalizing-the-subject-line-of-an-email","345b5f4b-8e2c-4f8e-bce7-0e9b40a44932","campaign/standard/designing/using/personalizing-the-subject-line-of-an-email.md"
"/content/help/en/campaign/standard/designing/using/personalizing-an-image-source","cd0ad9af-cef2-45d6-af71-caffa4c3f6a7","campaign/standard/designing/using/personalizing-an-image-source.md"
"/content/help/en/campaign/standard/designing/using/editing-existing-contents-with-the-email-designer","c2b8843c-6dbc-47de-bd34-ff6c5eee5bd8","campaign/standard/designing/using/editing-existing-contents-with-the-email-designer.md"
"/content/help/en/campaign/standard/designing/using/changing-a-landing-page-form-data-properties","bb772e8d-2d8a-436f-8d0e-a9fce300d340","campaign/standard/designing/using/changing-a-landing-page-form-data-properties.md"
"/content/help/en/campaign/standard/designing/using/about-sms-and-push-content-design","99277e46-e4f7-49a9-ba27-b878780f90da","campaign/standard/designing/using/about-sms-and-push-content-design.md"
"/content/help/en/campaign/standard/designing/using/inserting-a-link","2137e42f-37ac-40fd-9f76-6daf31c899f1","campaign/standard/designing/using/inserting-a-link.md"
"/content/help/en/campaign/standard/designing/using/example--email-personalization","3d30213c-474f-4e5f-8688-9260ea2e2583","campaign/standard/designing/using/example--email-personalization.md"
"/content/help/en/campaign/standard/designing/using/importing-content-from-a-url","7db6c20f-7004-4fb8-add9-362eab3d2795","campaign/standard/designing/using/importing-content-from-a-url.md"
"/content/help/en/campaign/standard/designing/using/about-personalization","398ec737-697a-4aac-861d-a4b4d9dc3a86","campaign/standard/designing/using/about-personalization.md"
"/content/help/en/campaign/standard/designing/using/defining-dynamic-content-in-a-landing-page","64a8ddd2-8bb0-44ef-bae9-b6b77a84ca8b","campaign/standard/designing/using/defining-dynamic-content-in-a-landing-page.md"
"/content/help/en/campaign/standard/designing/using/sms-and-push-content-editor-interface","4af5d247-555b-45c5-95a7-cb27f356b5a0","campaign/standard/designing/using/sms-and-push-content-editor-interface.md"
"/content/help/en/campaign/standard/designing/using/defining-the-email-structure","6ec63f65-1425-4c28-84e8-b09574458db3","campaign/standard/designing/using/defining-the-email-structure.md"
"/content/help/en/campaign/standard/designing/using/personalizing-the-sender","7aa08d5d-9e6c-4dac-bff8-6fde85368c2d","campaign/standard/designing/using/personalizing-the-sender.md"
"/content/help/en/campaign/standard/designing/using/editing-email-styles","1fac228d-c02c-410a-a4bd-0c3b163ab5f9","campaign/standard/designing/using/editing-email-styles.md"
"/content/help/en/campaign/standard/designing/using/defining-dynamic-text","bbcd200c-4fb4-467b-ba39-09b8bee9bcaa","campaign/standard/designing/using/defining-dynamic-text.md"
"/content/help/en/campaign/standard/designing/using/about-email-content-design","571ffc01-6e41-4501-9094-2f812b041a10","campaign/standard/designing/using/about-email-content-design.md"
"/content/help/en/campaign/standard/designing/using/importing-content-from-a-file","156de7e6-d882-44fb-8008-fd64762e6906","campaign/standard/designing/using/importing-content-from-a-file.md"
"/content/help/en/campaign/standard/designing/using/inserting-a-personalization-field","8f810c7f-2599-4fde-8422-4d261bea7db8","campaign/standard/designing/using/inserting-a-personalization-field.md"
"/content/help/en/campaign/standard/designing/using/defining-dynamic-content-in-an-email","b1c5013f-3201-4239-8202-511a6902d604","campaign/standard/designing/using/defining-dynamic-content-in-an-email.md"
"/content/help/en/campaign/standard/designing/using/landing-page-content-editor-interface","53729a68-eed2-4c5d-bc14-02c80e897c44","campaign/standard/designing/using/landing-page-content-editor-interface.md"
"/content/help/en/campaign/standard/designing/using/inserting-images","ac42b1d3-50ad-4323-b474-1e50e468901f","campaign/standard/designing/using/inserting-images.md"
"/content/help/en/campaign/standard/designing/using/personalizing-urls","23795417-b469-4a0d-bcf1-440dcdba4004","campaign/standard/designing/using/personalizing-urls.md"
"/content/help/en/campaign/standard/designing/using/designing-content-in-adobe-campaign","8f73407f-ab90-46bc-aeb6-bd87fcb0404c","campaign/standard/designing/using/designing-content-in-adobe-campaign.md"
"/content/help/en/campaign/standard/designing/using/about-tracked-urls","dfe5146b-5256-431c-87b3-3c54817eba36","campaign/standard/designing/using/about-tracked-urls.md"
"/content/help/en/campaign/standard/designing/using/adding-a-content-block","08153ea0-42fb-4c0b-8d4b-9407540748d6","campaign/standard/designing/using/adding-a-content-block.md"
"/content/help/en/campaign/standard/designing/using/selecting-an-existing-content","6f06cf24-1761-4f58-904f-f1ae84e13696","campaign/standard/designing/using/selecting-an-existing-content.md"
"/content/help/en/campaign/standard/designing/using/setting-up-image-properties","1a439105-d9aa-4b30-a00d-bcf731a04e08","campaign/standard/designing/using/setting-up-image-properties.md"
"/content/help/en/campaign/standard/designing/using/defining-a-visibility-condition","224005ba-ef09-4790-b2f0-30ed74cfa32d","campaign/standard/designing/using/defining-a-visibility-condition.md"
"/content/help/en/campaign/standard/designing/using/about-landing-page-content-design","8b230690-8a63-44da-b4ed-8e9d8fd84262","campaign/standard/designing/using/about-landing-page-content-design.md"
"/content/help/en/campaign/standard/designing/using/modifying-images-with-the-adobe-creative-sdk","5da5f9be-8576-45e7-933b-82129a1a43e7","campaign/standard/designing/using/modifying-images-with-the-adobe-creative-sdk.md"
"/content/help/en/campaign/standard/designing/using/managing-landing-page-structure-and-style","4f74097e-3d62-461f-b0d3-402be20f6ad2","campaign/standard/designing/using/managing-landing-page-structure-and-style.md"
"/content/help/en/campaign/standard/designing/using/content-design-best-practices","ad74f49d-999f-4140-89b0-d1ead8642d89","campaign/standard/designing/using/content-design-best-practices.md"
"/content/help/en/campaign/standard/developing/using/resource-statuses","215c0a2e-27ec-43f3-baac-1eaac7640784","campaign/standard/developing/using/resource-statuses.md"
"/content/help/en/campaign/standard/developing/using/extending-the-profile-resource-with-a-new-field","9b99e95c-93ff-4187-90f7-db0baf5369ad","campaign/standard/developing/using/extending-the-profile-resource-with-a-new-field.md"
"/content/help/en/campaign/standard/developing/using/configuring-the-resource-s-data-structure","60fe80c0-9df6-4808-a432-60a1977216ea","campaign/standard/developing/using/configuring-the-resource-s-data-structure.md"
"/content/help/en/campaign/standard/developing/using/deleting-a-resource","5de27589-6fa5-412c-8e5a-a4976de05715","campaign/standard/developing/using/deleting-a-resource.md"
"/content/help/en/campaign/standard/developing/using/monitoring-data-model-changes","994f1e85-107d-4348-a197-87a95853fca6","campaign/standard/developing/using/monitoring-data-model-changes.md"
"/content/help/en/campaign/standard/developing/using/configuring-the-screen-definition","40848197-b1a0-4018-bfc3-7df64fb83307","campaign/standard/developing/using/configuring-the-screen-definition.md"
"/content/help/en/campaign/standard/developing/using/data-model-concepts","cacd563f-6936-4b3e-83e3-5d4ae31d44e8","campaign/standard/developing/using/data-model-concepts.md"
"/content/help/en/campaign/standard/developing/using/step-3--verify-the-extension","35ba89a5-a354-466f-91a0-50de111a2e00","campaign/standard/developing/using/step-3--verify-the-extension.md"
"/content/help/en/campaign/standard/developing/using/step-2--publish-the-extension","0c944ed0-3007-4c1b-8960-41c7ef6121cf","campaign/standard/developing/using/step-2--publish-the-extension.md"
"/content/help/en/campaign/standard/developing/using/creating-or-extending-the-resource","7c26b63d-9587-472b-804f-cde5c45dfb3c","campaign/standard/developing/using/creating-or-extending-the-resource.md"
"/content/help/en/campaign/standard/developing/using/configuring-filter-definition","c9db95fe-e9aa-40f8-9c0a-e74bb21ac14b","campaign/standard/developing/using/configuring-filter-definition.md"
"/content/help/en/campaign/standard/developing/using/extending-the-subscriptions-to-an-application-resource","8879b427-b31b-4311-bf54-258a91b1fb78","campaign/standard/developing/using/extending-the-subscriptions-to-an-application-resource.md"
"/content/help/en/campaign/standard/developing/using/about-extending-the-api","c7b9c171-0409-4707-9d45-3fa72aee8008","campaign/standard/developing/using/about-extending-the-api.md"
"/content/help/en/campaign/standard/developing/using/key-steps-of-adding-a-resource","b8a32659-17ec-4e3e-92f2-0a0d6aaf2629","campaign/standard/developing/using/key-steps-of-adding-a-resource.md"
"/content/help/en/campaign/standard/developing/using/step-1--add-extension-fields-to-the-profile-resource","cb93ed40-3b00-458d-9554-883954565fdb","campaign/standard/developing/using/step-1--add-extension-fields-to-the-profile-resource.md"
"/content/help/en/campaign/standard/developing/using/updating-the-database-structure","6c802f4f-d298-4ca4-acdb-09f2ad3865b9","campaign/standard/developing/using/updating-the-database-structure.md"
"/content/help/en/campaign/standard/start/using/step-by-step-guides","8d6d5f62-e564-4b5b-86ef-2b7ac5f8ab62","campaign/standard/start/using/step-by-step-guides.md"
"/content/help/en/campaign/standard/start/using/creating-a-new-template","26e368ae-06e1-4c11-9899-c23cc727d398","campaign/standard/start/using/creating-a-new-template.md"
"/content/help/en/campaign/standard/start/using/how-to-videos","e3b66906-80bc-45e2-b65e-50a20e6ea0d7","campaign/standard/start/using/how-to-videos.md"
"/content/help/en/campaign/standard/start/using/campaign-orchestration","027f6787-d2ef-44ae-a40a-8facdfe2ae77","campaign/standard/start/using/campaign-orchestration.md"
"/content/help/en/campaign/standard/start/using/about-the-interface","ed9e631c-5ad1-49f1-be1e-b710bc64dc91","campaign/standard/start/using/about-the-interface.md"
"/content/help/en/campaign/standard/start/using/about-templates","018534b6-61a3-433e-bb60-49883c8b9386","campaign/standard/start/using/about-templates.md"
"/content/help/en/campaign/standard/start/using/creating-a-multilingual-template","7a2cd5f7-c0fc-4825-a770-a62816c66b3f","campaign/standard/start/using/creating-a-multilingual-template.md"
"/content/help/en/campaign/standard/start/using/customizing-lists","3350583c-91ca-4ea5-ac14-6b6f11c4a64a","campaign/standard/start/using/customizing-lists.md"
"/content/help/en/campaign/standard/start/using/dynamic-and-personalized-content","a36a581e-25d4-426d-865a-c646519c961d","campaign/standard/start/using/dynamic-and-personalized-content.md"
"/content/help/en/campaign/standard/start/using/segmentation-and-targeting","71f53808-0309-49f6-a4ee-3446eac9758a","campaign/standard/start/using/segmentation-and-targeting.md"
"/content/help/en/campaign/standard/start/using/using-a-template","733383ac-1271-4621-83a4-db9bc5ad74a4","campaign/standard/start/using/using-a-template.md"
"/content/help/en/campaign/standard/start/using/compatible-browsers","745599a6-6b06-4052-82ee-62a766f4922b","campaign/standard/start/using/compatible-browsers.md"
"/content/help/en/campaign/standard/start/using/timeline","ffa0a63a-2e77-45c0-8e60-212f7aaeb447","campaign/standard/start/using/timeline.md"
"/content/help/en/campaign/standard/start/using/tracking--monitoring-and-reporting","09592947-e65f-4be4-b39f-1e0c9f6d014b","campaign/standard/start/using/tracking--monitoring-and-reporting.md"
"/content/help/en/campaign/standard/start/using/integrating-with-adobe-solutions","e142e449-1cf4-4d3f-a318-6572d78e6f85","campaign/standard/start/using/integrating-with-adobe-solutions.md"
"/content/help/en/campaign/standard/start/using/interface-description","af9f0f1f-d24a-4dc7-b4a8-70290de6eb3f","campaign/standard/start/using/interface-description.md"
"/content/help/en/campaign/standard/start/using/programs-and-campaigns","fe2812a8-196f-4aba-a739-fbbfffd754cb","campaign/standard/start/using/programs-and-campaigns.md"
"/content/help/en/campaign/standard/start/using/marketing-activities","5d45a935-6d03-4b27-aabd-7c47c11241ba","campaign/standard/start/using/marketing-activities.md"
